{"client_meta":{"background_color":{"r":0.14903846383094788,"g":0.14903846383094788,"b":0.14903846383094788,"a":1},"thumbnail_size":{"width":400,"height":157},"render_coordinates":{"x":-617,"y":-1076,"width":15439,"height":6047}},"file_name":"D2B Final Design (Shared)","developer_related_links":[]}